sentence,sentiment
Ini sangat bagus. Ini adalah pengalaman yang luar biasa.,positive
Saya sangat senang dengan ini. Ini adalah pengalaman yang fantastis.,positive
Luar biasa sekali. Ini adalah pengalaman yang baik.,positive
Puas sekali. Ini adalah pengalaman yang positif.,positive
Sangat direkomendasikan. Ini adalah pengalaman yang luar biasa.,positive
Sangat berkualitas. Ini adalah pengalaman yang fantastis.,positive
Sempurna. Ini adalah pengalaman yang baik.,positive
Indah sekali. Ini adalah pengalaman yang positif.,positive
Menyenangkan. Ini adalah pengalaman yang luar biasa.,positive
Hebat sekali. Ini adalah pengalaman yang fantastis.,positive
Ini sangat bagus. Ini adalah pengalaman yang baik.,positive
Saya sangat senang dengan ini. Ini adalah pengalaman yang positif.,positive
Luar biasa sekali. Ini adalah pengalaman yang luar biasa.,positive
Puas sekali. Ini adalah pengalaman yang fantastis.,positive
Sangat direkomendasikan. Ini adalah pengalaman yang baik.,positive
Sangat berkualitas. Ini adalah pengalaman yang positif.,positive
Sempurna. Ini adalah pengalaman yang luar biasa.,positive
Indah sekali. Ini adalah pengalaman yang fantastis.,positive
Menyenangkan. Ini adalah pengalaman yang baik.,positive
Hebat sekali. Ini adalah pengalaman yang positif.,positive
Ini sangat bagus. Ini adalah pengalaman yang luar biasa.,positive
Saya sangat senang dengan ini. Ini adalah pengalaman yang fantastis.,positive
Luar biasa sekali. Ini adalah pengalaman yang baik.,positive
Puas sekali. Ini adalah pengalaman yang positif.,positive
Sangat direkomendasikan. Ini adalah pengalaman yang luar biasa.,positive
Sangat berkualitas. Ini adalah pengalaman yang fantastis.,positive
Sempurna. Ini adalah pengalaman yang baik.,positive
Indah sekali. Ini adalah pengalaman yang positif.,positive
Menyenangkan. Ini adalah pengalaman yang luar biasa.,positive
Hebat sekali. Ini adalah pengalaman yang fantastis.,positive
Ini sangat bagus. Ini adalah pengalaman yang baik.,positive
Saya sangat senang dengan ini. Ini adalah pengalaman yang positif.,positive
Luar biasa sekali. Ini adalah pengalaman yang luar biasa.,positive
Puas sekali. Ini adalah pengalaman yang fantastis.,positive
Sangat direkomendasikan. Ini adalah pengalaman yang baik.,positive
Sangat berkualitas. Ini adalah pengalaman yang positif.,positive
Sempurna. Ini adalah pengalaman yang luar biasa.,positive
Indah sekali. Ini adalah pengalaman yang fantastis.,positive
Menyenangkan. Ini adalah pengalaman yang baik.,positive
Hebat sekali. Ini adalah pengalaman yang positif.,positive
Ini sangat bagus. Ini adalah pengalaman yang luar biasa.,positive
Saya sangat senang dengan ini. Ini adalah pengalaman yang fantastis.,positive
Luar biasa sekali. Ini adalah pengalaman yang baik.,positive
Puas sekali. Ini adalah pengalaman yang positif.,positive
Sangat direkomendasikan. Ini adalah pengalaman yang luar biasa.,positive
Sangat berkualitas. Ini adalah pengalaman yang fantastis.,positive
Sempurna. Ini adalah pengalaman yang baik.,positive
Indah sekali. Ini adalah pengalaman yang positif.,positive
Menyenangkan. Ini adalah pengalaman yang luar biasa.,positive
Hebat sekali. Ini adalah pengalaman yang fantastis.,positive
Ini sangat bagus. Ini adalah pengalaman yang baik.,positive
Saya sangat senang dengan ini. Ini adalah pengalaman yang positif.,positive
Luar biasa sekali. Ini adalah pengalaman yang luar biasa.,positive
Puas sekali. Ini adalah pengalaman yang fantastis.,positive
Sangat direkomendasikan. Ini adalah pengalaman yang baik.,positive
Sangat berkualitas. Ini adalah pengalaman yang positif.,positive
Sempurna. Ini adalah pengalaman yang luar biasa.,positive
Indah sekali. Ini adalah pengalaman yang fantastis.,positive
Menyenangkan. Ini adalah pengalaman yang baik.,positive
Hebat sekali. Ini adalah pengalaman yang positif.,positive
Ini sangat bagus. Ini adalah pengalaman yang luar biasa.,positive
Saya sangat senang dengan ini. Ini adalah pengalaman yang fantastis.,positive
Luar biasa sekali. Ini adalah pengalaman yang baik.,positive
Puas sekali. Ini adalah pengalaman yang positif.,positive
Sangat direkomendasikan. Ini adalah pengalaman yang luar biasa.,positive
Sangat berkualitas. Ini adalah pengalaman yang fantastis.,positive
Sempurna. Ini adalah pengalaman yang baik.,positive
Indah sekali. Ini adalah pengalaman yang positif.,positive
Menyenangkan. Ini adalah pengalaman yang luar biasa.,positive
Hebat sekali. Ini adalah pengalaman yang fantastis.,positive
Ini sangat bagus. Ini adalah pengalaman yang baik.,positive
Saya sangat senang dengan ini. Ini adalah pengalaman yang positif.,positive
Luar biasa sekali. Ini adalah pengalaman yang luar biasa.,positive
Puas sekali. Ini adalah pengalaman yang fantastis.,positive
Sangat direkomendasikan. Ini adalah pengalaman yang baik.,positive
Sangat berkualitas. Ini adalah pengalaman yang positif.,positive
Sempurna. Ini adalah pengalaman yang luar biasa.,positive
Indah sekali. Ini adalah pengalaman yang fantastis.,positive
Menyenangkan. Ini adalah pengalaman yang baik.,positive
Hebat sekali. Ini adalah pengalaman yang positif.,positive
Ini sangat bagus. Ini adalah pengalaman yang luar biasa.,positive
Saya sangat senang dengan ini. Ini adalah pengalaman yang fantastis.,positive
Luar biasa sekali. Ini adalah pengalaman yang baik.,positive
Puas sekali. Ini adalah pengalaman yang positif.,positive
Sangat direkomendasikan. Ini adalah pengalaman yang luar biasa.,positive
Sangat berkualitas. Ini adalah pengalaman yang fantastis.,positive
Sempurna. Ini adalah pengalaman yang baik.,positive
Indah sekali. Ini adalah pengalaman yang positif.,positive
Menyenangkan. Ini adalah pengalaman yang luar biasa.,positive
Hebat sekali. Ini adalah pengalaman yang fantastis.,positive
Ini sangat bagus. Ini adalah pengalaman yang baik.,positive
Saya sangat senang dengan ini. Ini adalah pengalaman yang positif.,positive
Luar biasa sekali. Ini adalah pengalaman yang luar biasa.,positive
Puas sekali. Ini adalah pengalaman yang fantastis.,positive
Sangat direkomendasikan. Ini adalah pengalaman yang baik.,positive
Sangat berkualitas. Ini adalah pengalaman yang positif.,positive
Sempurna. Ini adalah pengalaman yang luar biasa.,positive
Indah sekali. Ini adalah pengalaman yang fantastis.,positive
Menyenangkan. Ini adalah pengalaman yang baik.,positive
Hebat sekali. Ini adalah pengalaman yang positif.,positive
Ini sangat buruk. Ini adalah pengalaman yang buruk.,negative
Saya tidak senang dengan ini. Ini adalah pengalaman yang mengerikan.,negative
Mengecewakan sekali. Ini adalah pengalaman yang negatif.,negative
Tidak puas. Ini adalah pengalaman yang tidak memuaskan.,negative
Tidak direkomendasikan. Ini adalah pengalaman yang buruk.,negative
Sangat tidak berkualitas. Ini adalah pengalaman yang mengerikan.,negative
Jelek sekali. Ini adalah pengalaman yang negatif.,negative
Buruk. Ini adalah pengalaman yang tidak memuaskan.,negative
Menyedihkan. Ini adalah pengalaman yang buruk.,negative
Tidak sesuai harapan. Ini adalah pengalaman yang mengerikan.,negative
Ini sangat buruk. Ini adalah pengalaman yang negatif.,negative
Saya tidak senang dengan ini. Ini adalah pengalaman yang tidak memuaskan.,negative
Mengecewakan sekali. Ini adalah pengalaman yang buruk.,negative
Tidak puas. Ini adalah pengalaman yang mengerikan.,negative
Tidak direkomendasikan. Ini adalah pengalaman yang negatif.,negative
Sangat tidak berkualitas. Ini adalah pengalaman yang tidak memuaskan.,negative
Jelek sekali. Ini adalah pengalaman yang buruk.,negative
Buruk. Ini adalah pengalaman yang mengerikan.,negative
Menyedihkan. Ini adalah pengalaman yang negatif.,negative
Tidak sesuai harapan. Ini adalah pengalaman yang tidak memuaskan.,negative
Ini sangat buruk. Ini adalah pengalaman yang buruk.,negative
Saya tidak senang dengan ini. Ini adalah pengalaman yang mengerikan.,negative
Mengecewakan sekali. Ini adalah pengalaman yang negatif.,negative
Tidak puas. Ini adalah pengalaman yang tidak memuaskan.,negative
Tidak direkomendasikan. Ini adalah pengalaman yang buruk.,negative
Sangat tidak berkualitas. Ini adalah pengalaman yang mengerikan.,negative
Jelek sekali. Ini adalah pengalaman yang negatif.,negative
Buruk. Ini adalah pengalaman yang tidak memuaskan.,negative
Menyedihkan. Ini adalah pengalaman yang buruk.,negative
Tidak sesuai harapan. Ini adalah pengalaman yang mengerikan.,negative
Ini sangat buruk. Ini adalah pengalaman yang negatif.,negative
Saya tidak senang dengan ini. Ini adalah pengalaman yang tidak memuaskan.,negative
Mengecewakan sekali. Ini adalah pengalaman yang buruk.,negative
Tidak puas. Ini adalah pengalaman yang mengerikan.,negative
Tidak direkomendasikan. Ini adalah pengalaman yang negatif.,negative
Sangat tidak berkualitas. Ini adalah pengalaman yang tidak memuaskan.,negative
Jelek sekali. Ini adalah pengalaman yang buruk.,negative
Buruk. Ini adalah pengalaman yang mengerikan.,negative
Menyedihkan. Ini adalah pengalaman yang negatif.,negative
Tidak sesuai harapan. Ini adalah pengalaman yang tidak memuaskan.,negative
Ini sangat buruk. Ini adalah pengalaman yang buruk.,negative
Saya tidak senang dengan ini. Ini adalah pengalaman yang mengerikan.,negative
Mengecewakan sekali. Ini adalah pengalaman yang negatif.,negative
Tidak puas. Ini adalah pengalaman yang tidak memuaskan.,negative
Tidak direkomendasikan. Ini adalah pengalaman yang buruk.,negative
Sangat tidak berkualitas. Ini adalah pengalaman yang mengerikan.,negative
Jelek sekali. Ini adalah pengalaman yang negatif.,negative
Buruk. Ini adalah pengalaman yang tidak memuaskan.,negative
Menyedihkan. Ini adalah pengalaman yang buruk.,negative
Tidak sesuai harapan. Ini adalah pengalaman yang mengerikan.,negative
Ini sangat buruk. Ini adalah pengalaman yang negatif.,negative
Saya tidak senang dengan ini. Ini adalah pengalaman yang tidak memuaskan.,negative
Mengecewakan sekali. Ini adalah pengalaman yang buruk.,negative
Tidak puas. Ini adalah pengalaman yang mengerikan.,negative
Tidak direkomendasikan. Ini adalah pengalaman yang negatif.,negative
Sangat tidak berkualitas. Ini adalah pengalaman yang tidak memuaskan.,negative
Jelek sekali. Ini adalah pengalaman yang buruk.,negative
Buruk. Ini adalah pengalaman yang mengerikan.,negative
Menyedihkan. Ini adalah pengalaman yang negatif.,negative
Tidak sesuai harapan. Ini adalah pengalaman yang tidak memuaskan.,negative
Ini sangat buruk. Ini adalah pengalaman yang buruk.,negative
Saya tidak senang dengan ini. Ini adalah pengalaman yang mengerikan.,negative
Mengecewakan sekali. Ini adalah pengalaman yang negatif.,negative
Tidak puas. Ini adalah pengalaman yang tidak memuaskan.,negative
Tidak direkomendasikan. Ini adalah pengalaman yang buruk.,negative
Sangat tidak berkualitas. Ini adalah pengalaman yang mengerikan.,negative
Jelek sekali. Ini adalah pengalaman yang negatif.,negative
Buruk. Ini adalah pengalaman yang tidak memuaskan.,negative
Menyedihkan. Ini adalah pengalaman yang buruk.,negative
Tidak sesuai harapan. Ini adalah pengalaman yang mengerikan.,negative
Ini sangat buruk. Ini adalah pengalaman yang negatif.,negative
Saya tidak senang dengan ini. Ini adalah pengalaman yang tidak memuaskan.,negative
Mengecewakan sekali. Ini adalah pengalaman yang buruk.,negative
Tidak puas. Ini adalah pengalaman yang mengerikan.,negative
Tidak direkomendasikan. Ini adalah pengalaman yang negatif.,negative
Sangat tidak berkualitas. Ini adalah pengalaman yang tidak memuaskan.,negative
Jelek sekali. Ini adalah pengalaman yang buruk.,negative
Buruk. Ini adalah pengalaman yang mengerikan.,negative
Menyedihkan. Ini adalah pengalaman yang negatif.,negative
Tidak sesuai harapan. Ini adalah pengalaman yang tidak memuaskan.,negative
Ini sangat buruk. Ini adalah pengalaman yang buruk.,negative
Saya tidak senang dengan ini. Ini adalah pengalaman yang mengerikan.,negative
Mengecewakan sekali. Ini adalah pengalaman yang negatif.,negative
Tidak puas. Ini adalah pengalaman yang tidak memuaskan.,negative
Tidak direkomendasikan. Ini adalah pengalaman yang buruk.,negative
Sangat tidak berkualitas. Ini adalah pengalaman yang mengerikan.,negative
Jelek sekali. Ini adalah pengalaman yang negatif.,negative
Buruk. Ini adalah pengalaman yang tidak memuaskan.,negative
Menyedihkan. Ini adalah pengalaman yang buruk.,negative
Tidak sesuai harapan. Ini adalah pengalaman yang mengerikan.,negative
Ini sangat buruk. Ini adalah pengalaman yang negatif.,negative
Saya tidak senang dengan ini. Ini adalah pengalaman yang tidak memuaskan.,negative
Mengecewakan sekali. Ini adalah pengalaman yang buruk.,negative
Tidak puas. Ini adalah pengalaman yang mengerikan.,negative
Tidak direkomendasikan. Ini adalah pengalaman yang negatif.,negative
Sangat tidak berkualitas. Ini adalah pengalaman yang tidak memuaskan.,negative
Jelek sekali. Ini adalah pengalaman yang buruk.,negative
Buruk. Ini adalah pengalaman yang mengerikan.,negative
Menyedihkan. Ini adalah pengalaman yang negatif.,negative
Tidak sesuai harapan. Ini adalah pengalaman yang tidak memuaskan.,negative
Ini biasa saja. Ini adalah sebuah pernyataan.,neutral
Ini tentang produk. Ini adalah deskripsi produk.,neutral
Tidak ada yang istimewa. Ini adalah observasi.,neutral
Ini hanya sebuah laporan. Ini adalah data.,neutral
Hanya fakta. Ini adalah sebuah pernyataan.,neutral
Ini adalah barang. Ini adalah deskripsi produk.,neutral
Informasi ini. Ini adalah observasi.,neutral
Ini adalah data. Ini adalah data.,neutral
Sesuai deskripsi. Ini adalah sebuah pernyataan.,neutral
Tidak ada komentar. Ini adalah deskripsi produk.,neutral
Ini biasa saja. Ini adalah observasi.,neutral
Ini tentang produk. Ini adalah data.,neutral
Tidak ada yang istimewa. Ini adalah sebuah pernyataan.,neutral
Ini hanya sebuah laporan. Ini adalah deskripsi produk.,neutral
Hanya fakta. Ini adalah observasi.,neutral
Ini adalah barang. Ini adalah data.,neutral
Informasi ini. Ini adalah sebuah pernyataan.,neutral
Ini adalah data. Ini adalah deskripsi produk.,neutral
Sesuai deskripsi. Ini adalah observasi.,neutral
Tidak ada komentar. Ini adalah data.,neutral
Ini biasa saja. Ini adalah sebuah pernyataan.,neutral
Ini tentang produk. Ini adalah deskripsi produk.,neutral
Tidak ada yang istimewa. Ini adalah observasi.,neutral
Ini hanya sebuah laporan. Ini adalah data.,neutral
Hanya fakta. Ini adalah sebuah pernyataan.,neutral
Ini adalah barang. Ini adalah deskripsi produk.,neutral
Informasi ini. Ini adalah observasi.,neutral
Ini adalah data. Ini adalah data.,neutral
Sesuai deskripsi. Ini adalah sebuah pernyataan.,neutral
Tidak ada komentar. Ini adalah deskripsi produk.,neutral
Ini biasa saja. Ini adalah observasi.,neutral
Ini tentang produk. Ini adalah data.,neutral
Tidak ada yang istimewa. Ini adalah sebuah pernyataan.,neutral
Ini hanya sebuah laporan. Ini adalah deskripsi produk.,neutral
Hanya fakta. Ini adalah observasi.,neutral
Ini adalah barang. Ini adalah data.,neutral
Informasi ini. Ini adalah sebuah pernyataan.,neutral
Ini adalah data. Ini adalah deskripsi produk.,neutral
Sesuai deskripsi. Ini adalah observasi.,neutral
Tidak ada komentar. Ini adalah data.,neutral
Ini biasa saja. Ini adalah sebuah pernyataan.,neutral
Ini tentang produk. Ini adalah deskripsi produk.,neutral
Tidak ada yang istimewa. Ini adalah observasi.,neutral
Ini hanya sebuah laporan. Ini adalah data.,neutral
Hanya fakta. Ini adalah sebuah pernyataan.,neutral
Ini adalah barang. Ini adalah deskripsi produk.,neutral
Informasi ini. Ini adalah observasi.,neutral
Ini adalah data. Ini adalah data.,neutral
Sesuai deskripsi. Ini adalah sebuah pernyataan.,neutral
Tidak ada komentar. Ini adalah deskripsi produk.,neutral
Ini biasa saja. Ini adalah observasi.,neutral
Ini tentang produk. Ini adalah data.,neutral
Tidak ada yang istimewa. Ini adalah sebuah pernyataan.,neutral
Ini hanya sebuah laporan. Ini adalah deskripsi produk.,neutral
Hanya fakta. Ini adalah observasi.,neutral
Ini adalah barang. Ini adalah data.,neutral
Informasi ini. Ini adalah sebuah pernyataan.,neutral
Ini adalah data. Ini adalah deskripsi produk.,neutral
Sesuai deskripsi. Ini adalah observasi.,neutral
Tidak ada komentar. Ini adalah data.,neutral
Ini biasa saja. Ini adalah sebuah pernyataan.,neutral
Ini tentang produk. Ini adalah deskripsi produk.,neutral
Tidak ada yang istimewa. Ini adalah observasi.,neutral
Ini hanya sebuah laporan. Ini adalah data.,neutral
Hanya fakta. Ini adalah sebuah pernyataan.,neutral
Ini adalah barang. Ini adalah deskripsi produk.,neutral
Informasi ini. Ini adalah observasi.,neutral
Ini adalah data. Ini adalah data.,neutral
Sesuai deskripsi. Ini adalah sebuah pernyataan.,neutral
Tidak ada komentar. Ini adalah deskripsi produk.,neutral
Ini biasa saja. Ini adalah observasi.,neutral
Ini tentang produk. Ini adalah data.,neutral
Tidak ada yang istimewa. Ini adalah sebuah pernyataan.,neutral
Ini hanya sebuah laporan. Ini adalah deskripsi produk.,neutral
Hanya fakta. Ini adalah observasi.,neutral
Ini adalah barang. Ini adalah data.,neutral
Informasi ini. Ini adalah sebuah pernyataan.,neutral
Ini adalah data. Ini adalah deskripsi produk.,neutral
Sesuai deskripsi. Ini adalah observasi.,neutral
Tidak ada komentar. Ini adalah data.,neutral
Ini biasa saja. Ini adalah sebuah pernyataan.,neutral
Ini tentang produk. Ini adalah deskripsi produk.,neutral
Tidak ada yang istimewa. Ini adalah observasi.,neutral
Ini hanya sebuah laporan. Ini adalah data.,neutral
Hanya fakta. Ini adalah sebuah pernyataan.,neutral
Ini adalah barang. Ini adalah deskripsi produk.,neutral
Informasi ini. Ini adalah observasi.,neutral
Ini adalah data. Ini adalah data.,neutral
Sesuai deskripsi. Ini adalah sebuah pernyataan.,neutral
Tidak ada komentar. Ini adalah deskripsi produk.,neutral
Ini biasa saja. Ini adalah observasi.,neutral
Ini tentang produk. Ini adalah data.,neutral
Tidak ada yang istimewa. Ini adalah sebuah pernyataan.,neutral
Ini hanya sebuah laporan. Ini adalah deskripsi produk.,neutral
Hanya fakta. Ini adalah observasi.,neutral
Ini adalah barang. Ini adalah data.,neutral
Informasi ini. Ini adalah sebuah pernyataan.,neutral
Ini adalah data. Ini adalah deskripsi produk.,neutral
Sesuai deskripsi. Ini adalah observasi.,neutral
Tidak ada komentar. Ini adalah data.,neutral
